INSERT INTO `senacprojeto`.`roles` (`id`, `name`) VALUES ('1', 'ROLE_USER');
INSERT INTO `senacprojeto`.`roles` (`id`, `name`) VALUES ('2', 'ROLE_ADMIN');
INSERT INTO usuarios (id, cpf, email, nome, password, sobrenome, username) values (1, '39331605889', 'fabriciocostamonteiro@hotmail.com', 'Fabricio', '$2a$12$AJzZQjj4ohHX/EsnBkWwCuYYF366RBU1LxL8A8th.q2tKzSdHNkTC', 'Monteiro', 'fabriciocostamonteiro@hotmail.com');
INSERT INTO usuarios (id, cpf, email, nome, password, sobrenome, username) values (2, '39331605889', 'felipecostamonteiro@hotmail.com', 'Felipe', '$2a$12$AJzZQjj4ohHX/EsnBkWwCuYYF366RBU1LxL8A8th.q2tKzSdHNkTC', 'Monteiro', 'felipecostamonteiro@hotmail.com');
INSERT INTO usuarios (id, cpf, email, nome, password, sobrenome, username) values (3, '39331605889', 'ricardorodrigues@hotmail.com', 'Ricardo', '$2a$12$AJzZQjj4ohHX/EsnBkWwCuYYF366RBU1LxL8A8th.q2tKzSdHNkTC', 'Rodrigues', 'rrrodrigues@hotmail.com');
INSERT INTO usuarios (id, cpf, email, nome, password, sobrenome, username) values (4, '39331605889', 'marciolopes@hotmail.com', 'Marcio', '$2a$12$AJzZQjj4ohHX/EsnBkWwCuYYF366RBU1LxL8A8th.q2tKzSdHNkTC', 'Lopes', 'mlopes@hotmail.com');
INSERT INTO usuarios (id, cpf, email, nome, password, sobrenome, username) values (5, '39331605889', 'admin@admin', 'Admin', '$2a$12$AJzZQjj4ohHX/EsnBkWwCuYYF366RBU1LxL8A8th.q2tKzSdHNkTC', 'Admin', 'admin@admin');
insert into usuario_roles(usuario_id, role_id) values (1,1);
insert into usuario_roles(usuario_id, role_id) values (2,1);
insert into usuario_roles(usuario_id, role_id) values (3,1);
insert into usuario_roles(usuario_id, role_id) values (4,1);
insert into usuario_roles(usuario_id, role_id) values (5,2);

insert into chamado (id, data_abertura, data_limite, descricao, status_chamado, tipo_chamado, titulo, urgencia, usuario_id) values (1, '2022-08-14 20:24:16.944823', '2022-08-22', 'Placa de video queimou', 'NAO_ATENDIDO', 'HARDWARE', 'Queima de peça', 1, 1);
insert into chamado (id, data_abertura, data_limite, descricao, status_chamado, tipo_chamado, titulo, urgencia, usuario_id) values (2, '2022-08-15 18:29:22.944823', '2022-08-30', 'Troca de pasta térmica', 'ATENDIDO', 'HARDWARE', 'Alta temperatura em jogos', 0, 2);
insert into chamado (id, data_abertura, data_limite, descricao, status_chamado, tipo_chamado, titulo, urgencia, usuario_id) values (3, '2022-08-14 22:30:11.944823', '2022-08-25', 'Formatação Windows', 'NAO_ATENDIDO', 'SOFTWARE', 'Windows com lentidão', 1, 2);
insert into chamado (id, data_abertura, data_limite, descricao, status_chamado, tipo_chamado, titulo, urgencia, usuario_id) values (4, '2022-08-11 14:34:07.944823', '2022-08-10', 'Virus excluindo arquivos pessoais', 'ATENDIDO', 'SOFTWARE', 'Problema com vírus', 1, 1);
insert into chamado (id, data_abertura, data_limite, descricao, status_chamado, tipo_chamado, titulo, urgencia, usuario_id) values (5, '2022-08-14 16:56:32.944823', '2022-08-22', 'Cooler quebrou', 'NAO_ATENDIDO', 'HARDWARE', 'Quebra de peça no cooler', 0, 4);
insert into chamado (id, data_abertura, data_limite, descricao, status_chamado, tipo_chamado, titulo, urgencia, usuario_id) values (6, '2022-07-22 11:24:16.944823', '2022-08-15', 'Implementação de toda a infraestrutura de rede em nossa nova sede', 'ATENDIDO', 'INFRAESTRUTURA', 'Implementação de infraestrutura', 1, 3);
insert into chamado (id, data_abertura, data_limite, descricao, status_chamado, tipo_chamado, titulo, urgencia, usuario_id) values (7, '2022-08-08 15:15:16.944823', '2022-08-30', 'Realização de troca de servidores para possível futura ampliação em nossos serviços', 'NAO_ATENDIDO', 'INFRAESTRUTURA', 'Troca de servidores', 1, 1);
insert into chamado (id, data_abertura, data_limite, descricao, status_chamado, tipo_chamado, titulo, urgencia, usuario_id) values (8, '2022-04-14 20:24:16.944823', '2022-05-15', 'Problema com adaptador de rede do PC', 'ATENDIDO', 'HARDWARE', 'Adapatdor de rede', 1, 4);
insert into chamado (id, data_abertura, data_limite, descricao, status_chamado, tipo_chamado, titulo, urgencia, usuario_id) values (9, '2022-07-10 17:14:57.944823', '2022-08-22', 'Máquina não está ligando', 'ATENDIDO', 'HARDWARE', 'Queima de peça', 1, 3);
insert into chamado (id, data_abertura, data_limite, descricao, status_chamado, tipo_chamado, titulo, urgencia, usuario_id) values (10, '2022-07-08 15:12:57.944823', '2022-08-01', 'Monitor não está ligando', 'ATENDIDO', 'HARDWARE', 'Defeito em monitor', 1, 3);
insert into chamado (id, data_abertura, data_limite, descricao, status_chamado, tipo_chamado, titulo, urgencia, usuario_id) values (11, '2022-08-15 19:25:17.944823', '2022-08-22', 'Superaquecimento em placa de video', 'NAO_ATENDIDO', 'HARDWARE', 'Solicito ajuda com placa de video', 1, 3);
insert into chamado (id, data_abertura, data_limite, descricao, status_chamado, tipo_chamado, titulo, urgencia, usuario_id) values (12, '2022-08-15 19:14:57.944823', '2022-08-22', 'Queima de componente em placa-mâe', 'NAO_ATENDIDO', 'HARDWARE', 'Queima placa-mãe', 1, 1);
insert into chamado (id, data_abertura, data_limite, descricao, status_chamado, tipo_chamado, titulo, urgencia, usuario_id) values (13, '2022-08-10 22:14:57.944823', '2022-08-15', 'Baixo FPS em jogos mesmo com ótimos componentes', 'ATENDIDO', 'HARDWARE', 'Queima de peça', 1, 3);
insert into chamado (id, data_abertura, data_limite, descricao, status_chamado, tipo_chamado, titulo, urgencia, usuario_id) values (14, '2022-05-31 12:14:57.944823', '2022-06-15', 'Máquina não está ligando', 'ATENDIDO', 'HARDWARE', 'Queima de peça', 1, 3);